date,portfolio_id,ticker,shares,close_price,market_value,industry
2025-01-02,FUND_A,600000,6700,109.7,734990.0,非银金融
2025-01-02,FUND_A,600001,9800,65.33,640234.0,计算机
2025-01-02,FUND_A,600002,6800,85.97,584596.0,电子
2025-01-02,FUND_A,600003,6900,79.61,549309.0,计算机
2025-01-02,FUND_A,600004,7100,27.22,193262.0,计算机
2025-01-02,FUND_A,600005,7100,47.94,340374.0,医药生物
2025-01-02,FUND_A,600006,6400,196.81,1259584.0,电子
2025-01-02,FUND_A,600007,1200,173.39,208067.99999999997,电子
2025-01-02,FUND_A,600008,1600,42.4,67840.0,电子
2025-01-02,FUND_A,600009,4800,12.52,60096.0,计算机
2025-01-02,FUND_A,600010,9800,193.47,1896006.0,非银金融
2025-01-02,FUND_A,600011,1800,13.03,23454.0,电子
2025-01-02,FUND_A,600012,1100,140.0,154000.0,计算机
2025-01-02,FUND_A,600013,6900,33.19,229010.99999999997,医药生物
2025-01-02,FUND_A,600014,1700,16.53,28101.000000000004,非银金融
2025-01-02,FUND_A,600015,8700,84.3,733410.0,医药生物
2025-01-02,FUND_A,600016,5900,135.88,801692.0,非银金融
2025-01-02,FUND_A,600017,1100,90.78,99858.0,计算机
2025-01-02,FUND_A,600018,6300,113.87,717381.0,食品饮料
2025-01-02,FUND_A,600019,6300,15.95,100485.0,非银金融
2025-01-03,FUND_A,600000,2700,157.28,424656.0,非银金融
2025-01-03,FUND_A,600001,4300,85.08,365844.0,计算机
2025-01-03,FUND_A,600002,2300,148.18,340814.0,电子
2025-01-03,FUND_A,600003,2400,26.81,64344.0,计算机
2025-01-03,FUND_A,600004,9600,108.96,1046015.9999999999,计算机
2025-01-03,FUND_A,600005,7100,71.81,509851.0,医药生物
2025-01-03,FUND_A,600006,8900,151.99,1352711.0,电子
2025-01-03,FUND_A,600007,6200,121.48,753176.0,电子
2025-01-03,FUND_A,600008,9800,63.38,621124.0,电子
2025-01-03,FUND_A,600009,5000,66.29,331450.00000000006,计算机
2025-01-03,FUND_A,600010,5400,24.16,130464.0,非银金融
2025-01-03,FUND_A,600011,8000,90.45,723600.0,电子
2025-01-03,FUND_A,600012,1000,47.76,47760.0,计算机
2025-01-03,FUND_A,600013,9700,12.68,122996.0,医药生物
2025-01-03,FUND_A,600014,9000,145.15,1306350.0,非银金融
2025-01-03,FUND_A,600015,4400,156.54,688776.0,医药生物
2025-01-03,FUND_A,600016,1400,186.0,260400.0,非银金融
2025-01-03,FUND_A,600017,5000,183.84,919200.0,计算机
2025-01-03,FUND_A,600018,8200,128.43,1053126.0,食品饮料
2025-01-03,FUND_A,600019,4300,28.13,120959.0,非银金融
2025-01-06,FUND_A,600000,3200,137.08,438656.00000000006,非银金融
2025-01-06,FUND_A,600001,4600,148.63,683698.0,计算机
2025-01-06,FUND_A,600002,9500,178.57,1696415.0,电子
2025-01-06,FUND_A,600003,7400,82.76,612424.0,计算机
2025-01-06,FUND_A,600004,5600,145.52,814912.0,计算机
2025-01-06,FUND_A,600005,1000,147.13,147130.0,医药生物
2025-01-06,FUND_A,600006,2300,103.82,238785.99999999997,电子
2025-01-06,FUND_A,600007,1800,145.03,261054.0,电子
2025-01-06,FUND_A,600008,9900,14.83,146817.0,电子
2025-01-06,FUND_A,600009,8600,48.33,415638.0,计算机
2025-01-06,FUND_A,600010,6100,117.02,713822.0,非银金融
2025-01-06,FUND_A,600011,1300,182.44,237172.0,电子
2025-01-06,FUND_A,600012,3200,124.84,399488.0,计算机
2025-01-06,FUND_A,600013,2400,153.55,368520.0,医药生物
2025-01-06,FUND_A,600014,4500,189.14,851129.9999999999,非银金融
2025-01-06,FUND_A,600015,8000,65.05,520400.0,医药生物
2025-01-06,FUND_A,600016,9500,177.29,1684255.0,非银金融
2025-01-06,FUND_A,600017,5100,163.54,834054.0,计算机
2025-01-06,FUND_A,600018,6600,30.04,198264.0,食品饮料
2025-01-06,FUND_A,600019,3700,162.7,601990.0,非银金融
2025-01-07,FUND_A,600000,5300,89.14,472442.0,非银金融
2025-01-07,FUND_A,600001,7100,112.48,798608.0,计算机
2025-01-07,FUND_A,600002,9800,70.42,690116.0,电子
2025-01-07,FUND_A,600003,1000,53.31,53310.0,计算机
2025-01-07,FUND_A,600004,7100,10.1,71710.0,计算机
2025-01-07,FUND_A,600005,8600,173.54,1492444.0,医药生物
2025-01-07,FUND_A,600006,7900,107.04,845616.0,电子
2025-01-07,FUND_A,600007,1800,102.12,183816.0,电子
2025-01-07,FUND_A,600008,6000,61.19,367140.0,电子
2025-01-07,FUND_A,600009,3300,189.15,624195.0,计算机
2025-01-07,FUND_A,600010,4100,108.57,445137.0,非银金融
2025-01-07,FUND_A,600011,6100,79.09,482449.0,电子
2025-01-07,FUND_A,600012,6700,192.86,1292162.0,计算机
2025-01-07,FUND_A,600013,4800,104.48,501504.0,医药生物
2025-01-07,FUND_A,600014,6500,17.01,110565.00000000001,非银金融
2025-01-07,FUND_A,600015,1100,105.51,116061.0,医药生物
2025-01-07,FUND_A,600016,6300,16.28,102564.0,非银金融
2025-01-07,FUND_A,600017,1000,55.52,55520.0,计算机
2025-01-07,FUND_A,600018,1100,110.88,121968.0,食品饮料
2025-01-07,FUND_A,600019,9900,197.27,1952973.0,非银金融
2025-01-08,FUND_A,600000,4100,122.61,502701.0,非银金融
2025-01-08,FUND_A,600001,6400,154.71,990144.0,计算机
2025-01-08,FUND_A,600002,2600,148.36,385736.00000000006,电子
2025-01-08,FUND_A,600003,3300,99.36,327888.0,计算机
2025-01-08,FUND_A,600004,7900,85.78,677662.0,计算机
2025-01-08,FUND_A,600005,2500,168.71,421775.0,医药生物
2025-01-08,FUND_A,600006,6800,45.44,308992.0,电子
2025-01-08,FUND_A,600007,1200,122.27,146724.0,电子
2025-01-08,FUND_A,600008,6800,51.85,352580.0,电子
2025-01-08,FUND_A,600009,9900,107.3,1062270.0,计算机
2025-01-08,FUND_A,600010,2800,76.25,213500.0,非银金融
2025-01-08,FUND_A,600011,8000,43.13,345040.0,电子
2025-01-08,FUND_A,600012,4200,85.54,359268.0,计算机
2025-01-08,FUND_A,600013,4800,187.98,902304.0,医药生物
2025-01-08,FUND_A,600014,1000,138.38,138380.0,非银金融
2025-01-08,FUND_A,600015,6600,31.56,208296.0,医药生物
2025-01-08,FUND_A,600016,3200,112.88,361216.0,非银金融
2025-01-08,FUND_A,600017,5100,59.01,300951.0,计算机
2025-01-08,FUND_A,600018,2500,165.27,413175.0,食品饮料
2025-01-08,FUND_A,600019,6900,59.56,410964.0,非银金融
2025-01-09,FUND_A,600000,1000,27.69,27690.0,非银金融
2025-01-09,FUND_A,600001,2100,116.08,243768.0,计算机
2025-01-09,FUND_A,600002,4100,130.29,534189.0,电子
2025-01-09,FUND_A,600003,1800,62.99,113382.0,计算机
2025-01-09,FUND_A,600004,2800,147.93,414204.0,计算机
2025-01-09,FUND_A,600005,1200,172.7,207240.0,医药生物
2025-01-09,FUND_A,600006,6300,158.18,996534.0,电子
2025-01-09,FUND_A,600007,3300,171.68,566544.0,电子
2025-01-09,FUND_A,600008,8100,159.21,1289601.0,电子
2025-01-09,FUND_A,600009,9300,120.33,1119069.0,计算机
2025-01-09,FUND_A,600010,9800,136.07,1333486.0,非银金融
2025-01-09,FUND_A,600011,2700,40.55,109484.99999999999,电子
2025-01-09,FUND_A,600012,9100,102.27,930657.0,计算机
2025-01-09,FUND_A,600013,4400,133.87,589028.0,医药生物
2025-01-09,FUND_A,600014,5000,43.43,217150.0,非银金融
2025-01-09,FUND_A,600015,7700,55.08,424116.0,医药生物
2025-01-09,FUND_A,600016,3000,43.98,131940.0,非银金融
2025-01-09,FUND_A,600017,1700,171.35,291295.0,计算机
2025-01-09,FUND_A,600018,2600,68.53,178178.0,食品饮料
2025-01-09,FUND_A,600019,5700,27.8,158460.0,非银金融
2025-01-10,FUND_A,600000,9500,60.39,573705.0,非银金融
2025-01-10,FUND_A,600001,3900,194.87,759993.0,计算机
2025-01-10,FUND_A,600002,6000,179.49,1076940.0,电子
2025-01-10,FUND_A,600003,3600,92.53,333108.0,计算机
2025-01-10,FUND_A,600004,3000,105.5,316500.0,计算机
2025-01-10,FUND_A,600005,3700,137.1,507270.0,医药生物
2025-01-10,FUND_A,600006,7800,53.74,419172.0,电子
2025-01-10,FUND_A,600007,5700,63.35,361095.0,电子
2025-01-10,FUND_A,600008,4400,156.03,686532.0,电子
2025-01-10,FUND_A,600009,2600,198.96,517296.0,计算机
2025-01-10,FUND_A,600010,3900,191.25,745875.0,非银金融
2025-01-10,FUND_A,600011,1500,80.33,120495.0,电子
2025-01-10,FUND_A,600012,4600,186.38,857348.0,计算机
2025-01-10,FUND_A,600013,5500,193.66,1065130.0,医药生物
2025-01-10,FUND_A,600014,6900,172.07,1187283.0,非银金融
2025-01-10,FUND_A,600015,7200,68.08,490176.0,医药生物
2025-01-10,FUND_A,600016,4100,171.72,704052.0,非银金融
2025-01-10,FUND_A,600017,7600,42.2,320720.0,计算机
2025-01-10,FUND_A,600018,3400,84.99,288966.0,食品饮料
2025-01-10,FUND_A,600019,6300,142.25,896175.0,非银金融
2025-01-13,FUND_A,600000,5500,28.46,156530.0,非银金融
2025-01-13,FUND_A,600001,4100,137.52,563832.0,计算机
2025-01-13,FUND_A,600002,3200,36.62,117183.99999999999,电子
2025-01-13,FUND_A,600003,3600,66.11,237996.0,计算机
2025-01-13,FUND_A,600004,9900,150.75,1492425.0,计算机
2025-01-13,FUND_A,600005,4200,35.96,151032.0,医药生物
2025-01-13,FUND_A,600006,5700,115.04,655728.0,电子
2025-01-13,FUND_A,600007,5100,163.78,835278.0,电子
2025-01-13,FUND_A,600008,5900,174.74,1030966.0,电子
2025-01-13,FUND_A,600009,2200,25.5,56100.0,计算机
2025-01-13,FUND_A,600010,1600,105.29,168464.0,非银金融
2025-01-13,FUND_A,600011,5400,46.91,253313.99999999997,电子
2025-01-13,FUND_A,600012,1700,143.37,243729.0,计算机
2025-01-13,FUND_A,600013,2500,19.65,49125.0,医药生物
2025-01-13,FUND_A,600014,9600,15.25,146400.0,非银金融
2025-01-13,FUND_A,600015,7500,93.31,699825.0,医药生物
2025-01-13,FUND_A,600016,7200,16.83,121175.99999999999,非银金融
2025-01-13,FUND_A,600017,3400,39.46,134164.0,计算机
2025-01-13,FUND_A,600018,7100,64.44,457524.0,食品饮料
2025-01-13,FUND_A,600019,6700,173.48,1162316.0,非银金融
2025-01-14,FUND_A,600000,5800,17.1,99180.00000000001,非银金融
2025-01-14,FUND_A,600001,7900,67.62,534198.0,计算机
2025-01-14,FUND_A,600002,6900,72.06,497214.0,电子
2025-01-14,FUND_A,600003,1700,156.3,265710.0,计算机
2025-01-14,FUND_A,600004,1400,96.88,135632.0,计算机
2025-01-14,FUND_A,600005,1500,19.82,29730.0,医药生物
2025-01-14,FUND_A,600006,5600,142.91,800296.0,电子
2025-01-14,FUND_A,600007,4900,147.96,725004.0,电子
2025-01-14,FUND_A,600008,2200,194.21,427262.0,电子
2025-01-14,FUND_A,600009,3900,17.8,69420.0,计算机
2025-01-14,FUND_A,600010,7200,92.37,665064.0,非银金融
2025-01-14,FUND_A,600011,6700,24.91,166897.0,电子
2025-01-14,FUND_A,600012,9900,192.9,1909710.0,计算机
2025-01-14,FUND_A,600013,3200,91.38,292416.0,医药生物
2025-01-14,FUND_A,600014,2100,87.7,184170.0,非银金融
2025-01-14,FUND_A,600015,6700,183.89,1232063.0,医药生物
2025-01-14,FUND_A,600016,4300,55.56,238908.0,非银金融
2025-01-14,FUND_A,600017,5700,44.74,255018.0,计算机
2025-01-14,FUND_A,600018,1000,191.42,191420.0,食品饮料
2025-01-14,FUND_A,600019,7300,115.33,841909.0,非银金融
2025-01-15,FUND_A,600000,3100,148.71,461001.0,非银金融
2025-01-15,FUND_A,600001,7600,57.07,433732.0,计算机
2025-01-15,FUND_A,600002,2500,40.14,100350.0,电子
2025-01-15,FUND_A,600003,9500,12.73,120935.0,计算机
2025-01-15,FUND_A,600004,8700,27.44,238728.0,计算机
2025-01-15,FUND_A,600005,5600,17.74,99343.99999999999,医药生物
2025-01-15,FUND_A,600006,7100,143.69,1020199.0,电子
2025-01-15,FUND_A,600007,8500,13.26,112710.0,电子
2025-01-15,FUND_A,600008,9900,103.41,1023759.0,电子
2025-01-15,FUND_A,600009,4800,75.8,363840.0,计算机
2025-01-15,FUND_A,600010,3200,19.13,61216.0,非银金融
2025-01-15,FUND_A,600011,7800,178.47,1392066.0,电子
2025-01-15,FUND_A,600012,6100,81.18,495198.00000000006,计算机
2025-01-15,FUND_A,600013,2800,105.6,295680.0,医药生物
2025-01-15,FUND_A,600014,1000,112.48,112480.0,非银金融
2025-01-15,FUND_A,600015,1300,127.01,165113.0,医药生物
2025-01-15,FUND_A,600016,8900,132.06,1175334.0,非银金融
2025-01-15,FUND_A,600017,4100,188.64,773424.0,计算机
2025-01-15,FUND_A,600018,3300,138.66,457578.0,食品饮料
2025-01-15,FUND_A,600019,4400,132.22,581768.0,非银金融
2025-01-16,FUND_A,600000,4200,164.13,689346.0,非银金融
2025-01-16,FUND_A,600001,5200,188.88,982176.0,计算机
2025-01-16,FUND_A,600002,7600,165.88,1260688.0,电子
2025-01-16,FUND_A,600003,4900,182.02,891898.0,计算机
2025-01-16,FUND_A,600004,5300,62.05,328865.0,计算机
2025-01-16,FUND_A,600005,2100,29.15,61215.0,医药生物
2025-01-16,FUND_A,600006,1100,17.4,19140.0,电子
2025-01-16,FUND_A,600007,4400,73.95,325380.0,电子
2025-01-16,FUND_A,600008,9900,70.61,699039.0,电子
2025-01-16,FUND_A,600009,3500,139.51,488284.99999999994,计算机
2025-01-16,FUND_A,600010,4300,59.53,255979.0,非银金融
2025-01-16,FUND_A,600011,1600,32.45,51920.00000000001,电子
2025-01-16,FUND_A,600012,8400,176.72,1484448.0,计算机
2025-01-16,FUND_A,600013,4500,89.41,402345.0,医药生物
2025-01-16,FUND_A,600014,4500,43.71,196695.0,非银金融
2025-01-16,FUND_A,600015,8200,118.02,967764.0,医药生物
2025-01-16,FUND_A,600016,5800,149.01,864258.0,非银金融
2025-01-16,FUND_A,600017,4500,80.68,363060.00000000006,计算机
2025-01-16,FUND_A,600018,3300,174.75,576675.0,食品饮料
2025-01-16,FUND_A,600019,4600,55.33,254518.0,非银金融
2025-01-17,FUND_A,600000,6400,152.67,977087.9999999999,非银金融
2025-01-17,FUND_A,600001,9800,55.26,541548.0,计算机
2025-01-17,FUND_A,600002,3900,181.49,707811.0,电子
2025-01-17,FUND_A,600003,7100,104.35,740885.0,计算机
2025-01-17,FUND_A,600004,9800,70.81,693938.0,计算机
2025-01-17,FUND_A,600005,6800,29.0,197200.0,医药生物
2025-01-17,FUND_A,600006,2100,192.12,403452.0,电子
2025-01-17,FUND_A,600007,2800,27.34,76552.0,电子
2025-01-17,FUND_A,600008,8000,191.79,1534320.0,电子
2025-01-17,FUND_A,600009,6100,118.95,725595.0,计算机
2025-01-17,FUND_A,600010,2500,95.2,238000.0,非银金融
2025-01-17,FUND_A,600011,2100,72.45,152145.0,电子
2025-01-17,FUND_A,600012,9400,152.95,1437730.0,计算机
2025-01-17,FUND_A,600013,3200,158.45,507039.99999999994,医药生物
2025-01-17,FUND_A,600014,4800,27.33,131184.0,非银金融
2025-01-17,FUND_A,600015,5100,195.11,995061.0000000001,医药生物
2025-01-17,FUND_A,600016,2300,114.41,263143.0,非银金融
2025-01-17,FUND_A,600017,1400,150.04,210056.0,计算机
2025-01-17,FUND_A,600018,8400,32.24,270816.0,食品饮料
2025-01-17,FUND_A,600019,8500,140.73,1196205.0,非银金融
2025-01-20,FUND_A,600000,6700,127.46,853982.0,非银金融
2025-01-20,FUND_A,600001,1600,90.96,145536.0,计算机
2025-01-20,FUND_A,600002,4900,23.82,116718.0,电子
2025-01-20,FUND_A,600003,5900,179.46,1058814.0,计算机
2025-01-20,FUND_A,600004,7500,25.46,190950.0,计算机
2025-01-20,FUND_A,600005,4600,54.31,249826.0,医药生物
2025-01-20,FUND_A,600006,1700,81.11,137887.0,电子
2025-01-20,FUND_A,600007,7400,177.27,1311798.0,电子
2025-01-20,FUND_A,600008,2600,189.98,493948.0,电子
2025-01-20,FUND_A,600009,9800,122.46,1200108.0,计算机
2025-01-20,FUND_A,600010,4500,81.49,366705.0,非银金融
2025-01-20,FUND_A,600011,4000,101.52,406080.0,电子
2025-01-20,FUND_A,600012,6300,143.97,907011.0,计算机
2025-01-20,FUND_A,600013,8300,182.21,1512343.0,医药生物
2025-01-20,FUND_A,600014,4800,92.55,444240.0,非银金融
2025-01-20,FUND_A,600015,5400,12.16,65664.0,医药生物
2025-01-20,FUND_A,600016,6700,150.79,1010293.0,非银金融
2025-01-20,FUND_A,600017,8100,32.33,261873.0,计算机
2025-01-20,FUND_A,600018,4800,151.75,728400.0,食品饮料
2025-01-20,FUND_A,600019,8600,55.13,474118.0,非银金融
2025-01-21,FUND_A,600000,7200,100.77,725544.0,非银金融
2025-01-21,FUND_A,600001,3400,175.03,595102.0,计算机
2025-01-21,FUND_A,600002,4700,92.9,436630.0,电子
2025-01-21,FUND_A,600003,6700,12.31,82477.0,计算机
2025-01-21,FUND_A,600004,4100,115.64,474124.0,计算机
2025-01-21,FUND_A,600005,5600,179.32,1004192.0,医药生物
2025-01-21,FUND_A,600006,9400,198.66,1867404.0,电子
2025-01-21,FUND_A,600007,4500,115.23,518535.0,电子
2025-01-21,FUND_A,600008,2900,24.33,70557.0,电子
2025-01-21,FUND_A,600009,5600,129.59,725704.0,计算机
2025-01-21,FUND_A,600010,2300,65.95,151685.0,非银金融
2025-01-21,FUND_A,600011,1000,129.24,129240.00000000001,电子
2025-01-21,FUND_A,600012,1200,181.22,217464.0,计算机
2025-01-21,FUND_A,600013,6600,183.9,1213740.0,医药生物
2025-01-21,FUND_A,600014,8300,190.58,1581814.0,非银金融
2025-01-21,FUND_A,600015,8100,84.96,688176.0,医药生物
2025-01-21,FUND_A,600016,3300,127.83,421839.0,非银金融
2025-01-21,FUND_A,600017,1700,42.24,71808.0,计算机
2025-01-21,FUND_A,600018,4500,98.1,441450.0,食品饮料
2025-01-21,FUND_A,600019,6700,53.59,359053.0,非银金融
2025-01-22,FUND_A,600000,3700,24.77,91649.0,非银金融
2025-01-22,FUND_A,600001,5000,59.39,296950.0,计算机
2025-01-22,FUND_A,600002,3600,142.65,513540.0,电子
2025-01-22,FUND_A,600003,2600,63.16,164216.0,计算机
2025-01-22,FUND_A,600004,9300,124.53,1158129.0,计算机
2025-01-22,FUND_A,600005,3800,35.31,134178.0,医药生物
2025-01-22,FUND_A,600006,4400,166.28,731632.0,电子
2025-01-22,FUND_A,600007,9100,89.16,811356.0,电子
2025-01-22,FUND_A,600008,7800,126.55,987090.0,电子
2025-01-22,FUND_A,600009,7500,25.72,192900.0,计算机
2025-01-22,FUND_A,600010,3900,174.55,680745.0,非银金融
2025-01-22,FUND_A,600011,1400,15.01,21014.0,电子
2025-01-22,FUND_A,600012,4200,157.74,662508.0,计算机
2025-01-22,FUND_A,600013,2700,197.58,533466.0,医药生物
2025-01-22,FUND_A,600014,5800,81.58,473164.0,非银金融
2025-01-22,FUND_A,600015,3500,82.37,288295.0,医药生物
2025-01-22,FUND_A,600016,9500,167.54,1591630.0,非银金融
2025-01-22,FUND_A,600017,5800,169.28,981824.0,计算机
2025-01-22,FUND_A,600018,1000,12.6,12600.0,食品饮料
2025-01-22,FUND_A,600019,6400,174.3,1115520.0,非银金融
2025-01-23,FUND_A,600000,9000,111.53,1003770.0,非银金融
2025-01-23,FUND_A,600001,1400,199.36,279104.0,计算机
2025-01-23,FUND_A,600002,6200,121.18,751316.0,电子
2025-01-23,FUND_A,600003,6200,189.51,1174962.0,计算机
2025-01-23,FUND_A,600004,8300,81.79,678857.0,计算机
2025-01-23,FUND_A,600005,9400,95.6,898640.0,医药生物
2025-01-23,FUND_A,600006,1000,191.27,191270.0,电子
2025-01-23,FUND_A,600007,8600,49.37,424582.0,电子
2025-01-23,FUND_A,600008,7400,137.62,1018388.0,电子
2025-01-23,FUND_A,600009,4100,18.91,77531.0,计算机
2025-01-23,FUND_A,600010,8100,14.22,115182.0,非银金融
2025-01-23,FUND_A,600011,4300,100.48,432064.0,电子
2025-01-23,FUND_A,600012,1200,108.83,130596.0,计算机
2025-01-23,FUND_A,600013,2100,165.11,346731.0,医药生物
2025-01-23,FUND_A,600014,1400,26.8,37520.0,非银金融
2025-01-23,FUND_A,600015,6600,122.09,805794.0,医药生物
2025-01-23,FUND_A,600016,5600,89.9,503440.00000000006,非银金融
2025-01-23,FUND_A,600017,9400,131.48,1235912.0,计算机
2025-01-23,FUND_A,600018,8400,50.46,423864.0,食品饮料
2025-01-23,FUND_A,600019,4700,127.28,598216.0,非银金融
2025-01-24,FUND_A,600000,4700,125.54,590038.0,非银金融
2025-01-24,FUND_A,600001,9100,84.53,769223.0,计算机
2025-01-24,FUND_A,600002,10000,27.29,272900.0,电子
2025-01-24,FUND_A,600003,6100,114.01,695461.0,计算机
2025-01-24,FUND_A,600004,9700,182.99,1775003.0,计算机
2025-01-24,FUND_A,600005,3900,128.2,499979.99999999994,医药生物
2025-01-24,FUND_A,600006,6000,142.55,855300.0000000001,电子
2025-01-24,FUND_A,600007,3800,37.94,144172.0,电子
2025-01-24,FUND_A,600008,6500,170.0,1105000.0,电子
2025-01-24,FUND_A,600009,2600,59.07,153582.0,计算机
2025-01-24,FUND_A,600010,9700,18.71,181487.0,非银金融
2025-01-24,FUND_A,600011,1500,103.6,155400.0,电子
2025-01-24,FUND_A,600012,8600,49.73,427678.0,计算机
2025-01-24,FUND_A,600013,5200,55.63,289276.0,医药生物
2025-01-24,FUND_A,600014,3200,34.33,109856.0,非银金融
2025-01-24,FUND_A,600015,8400,36.38,305592.0,医药生物
2025-01-24,FUND_A,600016,1700,44.21,75157.0,非银金融
2025-01-24,FUND_A,600017,1300,75.68,98384.00000000001,计算机
2025-01-24,FUND_A,600018,7600,176.12,1338512.0,食品饮料
2025-01-24,FUND_A,600019,3600,136.84,492624.0,非银金融
2025-01-27,FUND_A,600000,5900,124.37,733783.0,非银金融
2025-01-27,FUND_A,600001,6000,17.77,106620.0,计算机
2025-01-27,FUND_A,600002,1400,75.57,105797.99999999999,电子
2025-01-27,FUND_A,600003,5100,43.63,222513.0,计算机
2025-01-27,FUND_A,600004,3000,114.26,342780.0,计算机
2025-01-27,FUND_A,600005,1400,97.55,136570.0,医药生物
2025-01-27,FUND_A,600006,9900,179.9,1781010.0,电子
2025-01-27,FUND_A,600007,5800,105.65,612770.0,电子
2025-01-27,FUND_A,600008,5400,71.1,383939.99999999994,电子
2025-01-27,FUND_A,600009,3500,161.89,566615.0,计算机
2025-01-27,FUND_A,600010,9500,25.53,242535.0,非银金融
2025-01-27,FUND_A,600011,7200,81.68,588096.0,电子
2025-01-27,FUND_A,600012,9000,62.61,563490.0,计算机
2025-01-27,FUND_A,600013,1000,26.06,26060.0,医药生物
2025-01-27,FUND_A,600014,6100,49.78,303658.0,非银金融
2025-01-27,FUND_A,600015,6500,102.06,663390.0,医药生物
2025-01-27,FUND_A,600016,9900,154.39,1528460.9999999998,非银金融
2025-01-27,FUND_A,600017,8700,97.88,851556.0,计算机
2025-01-27,FUND_A,600018,3500,16.97,59394.99999999999,食品饮料
2025-01-27,FUND_A,600019,6500,35.29,229385.0,非银金融
2025-01-28,FUND_A,600000,1200,180.09,216108.0,非银金融
2025-01-28,FUND_A,600001,2700,95.01,256527.0,计算机
2025-01-28,FUND_A,600002,2400,29.93,71832.0,电子
2025-01-28,FUND_A,600003,3700,13.81,51097.0,计算机
2025-01-28,FUND_A,600004,6600,169.73,1120218.0,计算机
2025-01-28,FUND_A,600005,9500,72.22,686090.0,医药生物
2025-01-28,FUND_A,600006,5300,54.31,287843.0,电子
2025-01-28,FUND_A,600007,2200,122.78,270116.0,电子
2025-01-28,FUND_A,600008,7700,77.47,596519.0,电子
2025-01-28,FUND_A,600009,2700,26.51,71577.0,计算机
2025-01-28,FUND_A,600010,9500,121.5,1154250.0,非银金融
2025-01-28,FUND_A,600011,1700,121.44,206448.0,电子
2025-01-28,FUND_A,600012,9200,81.97,754124.0,计算机
2025-01-28,FUND_A,600013,1500,180.93,271395.0,医药生物
2025-01-28,FUND_A,600014,7300,118.45,864685.0,非银金融
2025-01-28,FUND_A,600015,6500,104.67,680355.0,医药生物
2025-01-28,FUND_A,600016,7900,125.1,988290.0,非银金融
2025-01-28,FUND_A,600017,4200,11.43,48006.0,计算机
2025-01-28,FUND_A,600018,3000,39.04,117120.0,食品饮料
2025-01-28,FUND_A,600019,1300,171.66,223158.0,非银金融
2025-01-29,FUND_A,600000,7100,64.17,455607.0,非银金融
2025-01-29,FUND_A,600001,3300,180.39,595287.0,计算机
2025-01-29,FUND_A,600002,1200,109.66,131592.0,电子
2025-01-29,FUND_A,600003,4900,142.42,697857.9999999999,计算机
2025-01-29,FUND_A,600004,3300,31.29,103257.0,计算机
2025-01-29,FUND_A,600005,7500,119.44,895800.0,医药生物
2025-01-29,FUND_A,600006,8400,174.45,1465380.0,电子
2025-01-29,FUND_A,600007,1500,195.26,292890.0,电子
2025-01-29,FUND_A,600008,6000,165.96,995760.0,电子
2025-01-29,FUND_A,600009,7500,115.78,868350.0,计算机
2025-01-29,FUND_A,600010,1700,100.56,170952.0,非银金融
2025-01-29,FUND_A,600011,5400,156.2,843479.9999999999,电子
2025-01-29,FUND_A,600012,7900,193.92,1531968.0,计算机
2025-01-29,FUND_A,600013,7700,90.83,699391.0,医药生物
2025-01-29,FUND_A,600014,2900,56.06,162574.0,非银金融
2025-01-29,FUND_A,600015,5600,144.37,808472.0,医药生物
2025-01-29,FUND_A,600016,2300,64.84,149132.0,非银金融
2025-01-29,FUND_A,600017,4600,106.16,488336.0,计算机
2025-01-29,FUND_A,600018,8600,111.19,956234.0,食品饮料
2025-01-29,FUND_A,600019,4200,80.15,336630.0,非银金融
2025-01-30,FUND_A,600000,1900,114.23,217037.0,非银金融
2025-01-30,FUND_A,600001,1900,198.09,376371.0,计算机
2025-01-30,FUND_A,600002,2200,140.07,308154.0,电子
2025-01-30,FUND_A,600003,9300,58.38,542934.0,计算机
2025-01-30,FUND_A,600004,8200,154.44,1266408.0,计算机
2025-01-30,FUND_A,600005,8400,99.9,839160.0,医药生物
2025-01-30,FUND_A,600006,4700,88.25,414775.0,电子
2025-01-30,FUND_A,600007,5800,171.64,995511.9999999999,电子
2025-01-30,FUND_A,600008,6900,193.36,1334184.0,电子
2025-01-30,FUND_A,600009,8700,187.26,1629162.0,计算机
2025-01-30,FUND_A,600010,8400,188.28,1581552.0,非银金融
2025-01-30,FUND_A,600011,8500,82.05,697425.0,电子
2025-01-30,FUND_A,600012,1000,150.81,150810.0,计算机
2025-01-30,FUND_A,600013,3100,19.14,59334.0,医药生物
2025-01-30,FUND_A,600014,8100,167.31,1355211.0,非银金融
2025-01-30,FUND_A,600015,2300,161.91,372393.0,医药生物
2025-01-30,FUND_A,600016,4400,41.21,181324.0,非银金融
2025-01-30,FUND_A,600017,1400,54.78,76692.0,计算机
2025-01-30,FUND_A,600018,8700,109.38,951606.0,食品饮料
2025-01-30,FUND_A,600019,1300,70.08,91104.0,非银金融
2025-01-31,FUND_A,600000,5100,84.56,431256.0,非银金融
2025-01-31,FUND_A,600001,4900,95.87,469763.0,计算机
2025-01-31,FUND_A,600002,2300,180.94,416162.0,电子
2025-01-31,FUND_A,600003,4700,112.56,529032.0,计算机
2025-01-31,FUND_A,600004,7200,105.52,759744.0,计算机
2025-01-31,FUND_A,600005,3400,77.52,263568.0,医药生物
2025-01-31,FUND_A,600006,7500,113.28,849600.0,电子
2025-01-31,FUND_A,600007,6000,113.14,678840.0,电子
2025-01-31,FUND_A,600008,7900,188.57,1489703.0,电子
2025-01-31,FUND_A,600009,1600,148.8,238080.00000000003,计算机
2025-01-31,FUND_A,600010,5100,36.46,185946.0,非银金融
2025-01-31,FUND_A,600011,2400,176.94,424656.0,电子
2025-01-31,FUND_A,600012,4200,111.36,467712.0,计算机
2025-01-31,FUND_A,600013,3600,159.83,575388.0,医药生物
2025-01-31,FUND_A,600014,4700,152.96,718912.0,非银金融
2025-01-31,FUND_A,600015,3600,151.35,544860.0,医药生物
2025-01-31,FUND_A,600016,7700,118.28,910756.0,非银金融
2025-01-31,FUND_A,600017,1900,103.86,197334.0,计算机
2025-01-31,FUND_A,600018,8300,75.0,622500.0,食品饮料
2025-01-31,FUND_A,600019,4700,111.93,526071.0,非银金融
2025-02-03,FUND_A,600000,5600,170.83,956648.0000000001,非银金融
2025-02-03,FUND_A,600001,9700,124.75,1210075.0,计算机
2025-02-03,FUND_A,600002,2400,161.49,387576.0,电子
2025-02-03,FUND_A,600003,1400,102.41,143374.0,计算机
2025-02-03,FUND_A,600004,7700,147.23,1133671.0,计算机
2025-02-03,FUND_A,600005,1100,12.32,13552.0,医药生物
2025-02-03,FUND_A,600006,4500,113.12,509040.0,电子
2025-02-03,FUND_A,600007,5200,123.82,643864.0,电子
2025-02-03,FUND_A,600008,2900,44.5,129050.0,电子
2025-02-03,FUND_A,600009,8300,75.08,623164.0,计算机
2025-02-03,FUND_A,600010,1500,86.16,129240.0,非银金融
2025-02-03,FUND_A,600011,5600,64.71,362375.99999999994,电子
2025-02-03,FUND_A,600012,2100,183.25,384825.0,计算机
2025-02-03,FUND_A,600013,7100,29.15,206965.0,医药生物
2025-02-03,FUND_A,600014,6900,122.66,846354.0,非银金融
2025-02-03,FUND_A,600015,7700,160.12,1232924.0,医药生物
2025-02-03,FUND_A,600016,4600,144.38,664148.0,非银金融
2025-02-03,FUND_A,600017,4000,125.28,501120.0,计算机
2025-02-03,FUND_A,600018,6000,149.92,899519.9999999999,食品饮料
2025-02-03,FUND_A,600019,4900,169.68,831432.0,非银金融
2025-02-04,FUND_A,600000,2000,95.66,191320.0,非银金融
2025-02-04,FUND_A,600001,5500,54.82,301510.0,计算机
2025-02-04,FUND_A,600002,9900,169.39,1676960.9999999998,电子
2025-02-04,FUND_A,600003,6300,169.12,1065456.0,计算机
2025-02-04,FUND_A,600004,1000,175.28,175280.0,计算机
2025-02-04,FUND_A,600005,6400,53.21,340544.0,医药生物
2025-02-04,FUND_A,600006,2400,85.81,205944.0,电子
2025-02-04,FUND_A,600007,8200,151.41,1241562.0,电子
2025-02-04,FUND_A,600008,8300,162.54,1349082.0,电子
2025-02-04,FUND_A,600009,3500,73.36,256760.0,计算机
2025-02-04,FUND_A,600010,7200,88.76,639072.0,非银金融
2025-02-04,FUND_A,600011,9900,184.77,1829223.0,电子
2025-02-04,FUND_A,600012,1100,98.48,108328.0,计算机
2025-02-04,FUND_A,600013,10000,150.13,1501300.0,医药生物
2025-02-04,FUND_A,600014,2600,121.54,316004.0,非银金融
2025-02-04,FUND_A,600015,6800,95.96,652528.0,医药生物
2025-02-04,FUND_A,600016,6000,57.16,342960.0,非银金融
2025-02-04,FUND_A,600017,3400,104.69,355946.0,计算机
2025-02-04,FUND_A,600018,7900,16.44,129876.00000000001,食品饮料
2025-02-04,FUND_A,600019,4200,78.85,331170.0,非银金融
2025-02-05,FUND_A,600000,7200,62.74,451728.0,非银金融
2025-02-05,FUND_A,600001,3500,12.49,43715.0,计算机
2025-02-05,FUND_A,600002,9400,107.88,1014072.0,电子
2025-02-05,FUND_A,600003,9000,192.6,1733400.0,计算机
2025-02-05,FUND_A,600004,5800,115.89,672162.0,计算机
2025-02-05,FUND_A,600005,9500,26.22,249090.0,医药生物
2025-02-05,FUND_A,600006,7000,45.05,315350.0,电子
2025-02-05,FUND_A,600007,8000,123.12,984960.0,电子
2025-02-05,FUND_A,600008,2200,85.49,188078.0,电子
2025-02-05,FUND_A,600009,6000,49.88,299280.0,计算机
2025-02-05,FUND_A,600010,9200,76.38,702696.0,非银金融
2025-02-05,FUND_A,600011,3900,46.23,180297.0,电子
2025-02-05,FUND_A,600012,5400,81.77,441558.0,计算机
2025-02-05,FUND_A,600013,2500,117.32,293300.0,医药生物
2025-02-05,FUND_A,600014,2700,65.87,177849.0,非银金融
2025-02-05,FUND_A,600015,5600,110.25,617400.0,医药生物
2025-02-05,FUND_A,600016,4700,155.42,730473.9999999999,非银金融
2025-02-05,FUND_A,600017,1300,44.57,57941.0,计算机
2025-02-05,FUND_A,600018,3800,24.35,92530.0,食品饮料
2025-02-05,FUND_A,600019,1200,80.93,97116.00000000001,非银金融
2025-02-06,FUND_A,600000,8300,180.51,1498233.0,非银金融
2025-02-06,FUND_A,600001,4300,87.66,376938.0,计算机
2025-02-06,FUND_A,600002,9600,196.0,1881600.0,电子
2025-02-06,FUND_A,600003,4100,146.03,598723.0,计算机
2025-02-06,FUND_A,600004,1700,15.15,25755.0,计算机
2025-02-06,FUND_A,600005,7600,53.9,409640.0,医药生物
2025-02-06,FUND_A,600006,6800,106.05,721140.0,电子
2025-02-06,FUND_A,600007,8100,29.78,241218.0,电子
2025-02-06,FUND_A,600008,7600,178.62,1357512.0,电子
2025-02-06,FUND_A,600009,1700,28.89,49113.0,计算机
2025-02-06,FUND_A,600010,9700,147.23,1428131.0,非银金融
2025-02-06,FUND_A,600011,5500,167.74,922570.0,电子
2025-02-06,FUND_A,600012,7700,189.44,1458688.0,计算机
2025-02-06,FUND_A,600013,6300,48.95,308385.0,医药生物
2025-02-06,FUND_A,600014,6400,180.3,1153920.0,非银金融
2025-02-06,FUND_A,600015,1600,130.32,208512.0,医药生物
2025-02-06,FUND_A,600016,4200,49.5,207900.0,非银金融
2025-02-06,FUND_A,600017,2800,33.33,93324.0,计算机
2025-02-06,FUND_A,600018,2800,120.78,338184.0,食品饮料
2025-02-06,FUND_A,600019,6900,143.75,991875.0,非银金融
2025-02-07,FUND_A,600000,1000,165.31,165310.0,非银金融
2025-02-07,FUND_A,600001,2900,73.81,214049.0,计算机
2025-02-07,FUND_A,600002,1100,78.98,86878.0,电子
2025-02-07,FUND_A,600003,2100,167.82,352422.0,计算机
2025-02-07,FUND_A,600004,4600,87.79,403834.0,计算机
2025-02-07,FUND_A,600005,1800,92.86,167148.0,医药生物
2025-02-07,FUND_A,600006,5300,51.71,274063.0,电子
2025-02-07,FUND_A,600007,9500,158.15,1502425.0,电子
2025-02-07,FUND_A,600008,9000,175.01,1575090.0,电子
2025-02-07,FUND_A,600009,6800,179.96,1223728.0,计算机
2025-02-07,FUND_A,600010,9000,102.11,918990.0,非银金融
2025-02-07,FUND_A,600011,9000,61.05,549450.0,电子
2025-02-07,FUND_A,600012,4900,142.78,699622.0,计算机
2025-02-07,FUND_A,600013,3400,59.0,200600.0,医药生物
2025-02-07,FUND_A,600014,3100,168.64,522783.99999999994,非银金融
2025-02-07,FUND_A,600015,1300,35.13,45669.0,医药生物
2025-02-07,FUND_A,600016,3800,42.62,161956.0,非银金融
2025-02-07,FUND_A,600017,9600,139.8,1342080.0,计算机
2025-02-07,FUND_A,600018,7900,183.72,1451388.0,食品饮料
2025-02-07,FUND_A,600019,9400,164.86,1549684.0000000002,非银金融
2025-02-10,FUND_A,600000,5000,62.07,310350.0,非银金融
2025-02-10,FUND_A,600001,2600,87.0,226200.0,计算机
2025-02-10,FUND_A,600002,8500,49.22,418370.0,电子
2025-02-10,FUND_A,600003,9500,36.01,342095.0,计算机
2025-02-10,FUND_A,600004,6600,60.63,400158.0,计算机
2025-02-10,FUND_A,600005,10000,123.51,1235100.0,医药生物
2025-02-10,FUND_A,600006,2100,130.29,273609.0,电子
2025-02-10,FUND_A,600007,6200,43.32,268584.0,电子
2025-02-10,FUND_A,600008,5400,169.24,913896.0,电子
2025-02-10,FUND_A,600009,9400,82.8,778320.0,计算机
2025-02-10,FUND_A,600010,5500,18.92,104060.00000000001,非银金融
2025-02-10,FUND_A,600011,6300,150.23,946448.9999999999,电子
2025-02-10,FUND_A,600012,6000,27.16,162960.0,计算机
2025-02-10,FUND_A,600013,3500,22.97,80395.0,医药生物
2025-02-10,FUND_A,600014,2000,64.85,129699.99999999999,非银金融
2025-02-10,FUND_A,600015,4500,146.62,659790.0,医药生物
2025-02-10,FUND_A,600016,4800,125.98,604704.0,非银金融
2025-02-10,FUND_A,600017,6300,100.45,632835.0,计算机
2025-02-10,FUND_A,600018,3300,188.0,620400.0,食品饮料
2025-02-10,FUND_A,600019,7800,101.91,794898.0,非银金融
2025-02-11,FUND_A,600000,4500,112.57,506564.99999999994,非银金融
2025-02-11,FUND_A,600001,9200,123.06,1132152.0,计算机
2025-02-11,FUND_A,600002,9000,104.31,938790.0,电子
2025-02-11,FUND_A,600003,8200,156.47,1283054.0,计算机
2025-02-11,FUND_A,600004,8200,24.28,199096.0,计算机
2025-02-11,FUND_A,600005,2600,88.43,229918.00000000003,医药生物
2025-02-11,FUND_A,600006,7000,140.8,985600.0000000001,电子
2025-02-11,FUND_A,600007,5100,97.34,496434.0,电子
2025-02-11,FUND_A,600008,4400,165.63,728772.0,电子
2025-02-11,FUND_A,600009,5300,193.86,1027458.0000000001,计算机
2025-02-11,FUND_A,600010,2100,78.59,165039.0,非银金融
2025-02-11,FUND_A,600011,5300,163.41,866073.0,电子
2025-02-11,FUND_A,600012,5800,36.0,208800.0,计算机
2025-02-11,FUND_A,600013,8300,141.21,1172043.0,医药生物
2025-02-11,FUND_A,600014,5600,26.47,148232.0,非银金融
2025-02-11,FUND_A,600015,8900,175.86,1565154.0000000002,医药生物
2025-02-11,FUND_A,600016,1700,131.4,223380.0,非银金融
2025-02-11,FUND_A,600017,9000,135.17,1216530.0,计算机
2025-02-11,FUND_A,600018,8900,171.35,1525015.0,食品饮料
2025-02-11,FUND_A,600019,3400,181.64,617576.0,非银金融
2025-02-12,FUND_A,600000,2100,52.03,109263.0,非银金融
2025-02-12,FUND_A,600001,3500,19.8,69300.0,计算机
2025-02-12,FUND_A,600002,3500,17.49,61214.99999999999,电子
2025-02-12,FUND_A,600003,1900,121.77,231363.0,计算机
2025-02-12,FUND_A,600004,2600,44.31,115206.0,计算机
2025-02-12,FUND_A,600005,9400,99.91,939154.0,医药生物
2025-02-12,FUND_A,600006,1600,16.45,26320.0,电子
2025-02-12,FUND_A,600007,1600,66.5,106400.0,电子
2025-02-12,FUND_A,600008,5700,31.9,181830.0,电子
2025-02-12,FUND_A,600009,6800,189.41,1287988.0,计算机
2025-02-12,FUND_A,600010,9100,151.56,1379196.0,非银金融
2025-02-12,FUND_A,600011,4800,96.48,463104.0,电子
2025-02-12,FUND_A,600012,6800,167.49,1138932.0,计算机
2025-02-12,FUND_A,600013,2600,133.53,347178.0,医药生物
2025-02-12,FUND_A,600014,3300,53.7,177210.0,非银金融
2025-02-12,FUND_A,600015,6900,101.4,699660.0,医药生物
2025-02-12,FUND_A,600016,1200,142.29,170748.0,非银金融
2025-02-12,FUND_A,600017,4900,93.8,459620.0,计算机
2025-02-12,FUND_A,600018,9600,22.42,215232.00000000003,食品饮料
2025-02-12,FUND_A,600019,2400,162.76,390624.0,非银金融
2025-02-13,FUND_A,600000,1300,160.24,208312.0,非银金融
2025-02-13,FUND_A,600001,3400,150.19,510646.0,计算机
2025-02-13,FUND_A,600002,4200,178.34,749028.0,电子
2025-02-13,FUND_A,600003,5100,176.57,900507.0,计算机
2025-02-13,FUND_A,600004,7500,14.64,109800.0,计算机
2025-02-13,FUND_A,600005,5100,198.16,1010616.0,医药生物
2025-02-13,FUND_A,600006,2200,110.5,243100.0,电子
2025-02-13,FUND_A,600007,4100,187.19,767479.0,电子
2025-02-13,FUND_A,600008,4800,11.8,56640.0,电子
2025-02-13,FUND_A,600009,3800,155.77,591926.0,计算机
2025-02-13,FUND_A,600010,7100,101.18,718378.0,非银金融
2025-02-13,FUND_A,600011,6600,120.34,794244.0,电子
2025-02-13,FUND_A,600012,1900,27.42,52098.0,计算机
2025-02-13,FUND_A,600013,9300,150.14,1396301.9999999998,医药生物
2025-02-13,FUND_A,600014,5800,30.99,179742.0,非银金融
2025-02-13,FUND_A,600015,2300,66.43,152789.00000000003,医药生物
2025-02-13,FUND_A,600016,7700,145.96,1123892.0,非银金融
2025-02-13,FUND_A,600017,4600,18.0,82800.0,计算机
2025-02-13,FUND_A,600018,7400,182.96,1353904.0,食品饮料
2025-02-13,FUND_A,600019,8800,91.28,803264.0,非银金融
2025-02-14,FUND_A,600000,5800,84.41,489578.0,非银金融
2025-02-14,FUND_A,600001,7700,51.47,396319.0,计算机
2025-02-14,FUND_A,600002,4600,159.41,733286.0,电子
2025-02-14,FUND_A,600003,5200,121.83,633516.0,计算机
2025-02-14,FUND_A,600004,4800,177.03,849744.0,计算机
2025-02-14,FUND_A,600005,5500,124.15,682825.0,医药生物
2025-02-14,FUND_A,600006,7100,126.55,898505.0,电子
2025-02-14,FUND_A,600007,3400,151.24,514216.00000000006,电子
2025-02-14,FUND_A,600008,1300,54.02,70226.0,电子
2025-02-14,FUND_A,600009,2900,169.19,490651.0,计算机
2025-02-14,FUND_A,600010,6300,125.47,790461.0,非银金融
2025-02-14,FUND_A,600011,8300,18.92,157036.0,电子
2025-02-14,FUND_A,600012,6600,51.89,342474.0,计算机
2025-02-14,FUND_A,600013,1200,166.98,200376.0,医药生物
2025-02-14,FUND_A,600014,1400,20.99,29385.999999999996,非银金融
2025-02-14,FUND_A,600015,5600,51.1,286160.0,医药生物
2025-02-14,FUND_A,600016,1800,186.27,335286.0,非银金融
2025-02-14,FUND_A,600017,7000,59.44,416080.0,计算机
2025-02-14,FUND_A,600018,4400,154.07,677908.0,食品饮料
2025-02-14,FUND_A,600019,7100,199.3,1415030.0,非银金融
2025-02-17,FUND_A,600000,1200,165.01,198012.0,非银金融
2025-02-17,FUND_A,600001,2200,52.53,115566.0,计算机
2025-02-17,FUND_A,600002,9800,122.66,1202068.0,电子
2025-02-17,FUND_A,600003,2300,173.42,398866.0,计算机
2025-02-17,FUND_A,600004,2000,176.72,353440.0,计算机
2025-02-17,FUND_A,600005,7600,61.86,470136.0,医药生物
2025-02-17,FUND_A,600006,3800,178.86,679668.0,电子
2025-02-17,FUND_A,600007,3400,171.92,584528.0,电子
2025-02-17,FUND_A,600008,5100,163.81,835431.0,电子
2025-02-17,FUND_A,600009,4900,187.0,916300.0,计算机
2025-02-17,FUND_A,600010,2000,26.53,53060.0,非银金融
2025-02-17,FUND_A,600011,9700,58.0,562600.0,电子
2025-02-17,FUND_A,600012,4700,59.35,278945.0,计算机
2025-02-17,FUND_A,600013,1400,19.27,26978.0,医药生物
2025-02-17,FUND_A,600014,2700,25.4,68580.0,非银金融
2025-02-17,FUND_A,600015,6900,30.8,212520.0,医药生物
2025-02-17,FUND_A,600016,3700,24.46,90502.0,非银金融
2025-02-17,FUND_A,600017,9000,21.69,195210.0,计算机
2025-02-17,FUND_A,600018,5400,101.31,547074.0,食品饮料
2025-02-17,FUND_A,600019,6700,118.55,794285.0,非银金融
2025-02-18,FUND_A,600000,4900,138.82,680218.0,非银金融
2025-02-18,FUND_A,600001,10000,174.25,1742500.0,计算机
2025-02-18,FUND_A,600002,4200,176.94,743148.0,电子
2025-02-18,FUND_A,600003,2800,174.95,489859.99999999994,计算机
2025-02-18,FUND_A,600004,6800,174.79,1188572.0,计算机
2025-02-18,FUND_A,600005,5000,73.46,367299.99999999994,医药生物
2025-02-18,FUND_A,600006,5400,142.52,769608.0,电子
2025-02-18,FUND_A,600007,5100,30.11,153561.0,电子
2025-02-18,FUND_A,600008,3600,153.02,550872.0,电子
2025-02-18,FUND_A,600009,1600,177.51,284016.0,计算机
2025-02-18,FUND_A,600010,5400,175.65,948510.0,非银金融
2025-02-18,FUND_A,600011,4000,166.91,667640.0,电子
2025-02-18,FUND_A,600012,1900,165.79,315001.0,计算机
2025-02-18,FUND_A,600013,6200,151.27,937874.0000000001,医药生物
2025-02-18,FUND_A,600014,4000,10.21,40840.0,非银金融
2025-02-18,FUND_A,600015,1100,168.11,184921.00000000003,医药生物
2025-02-18,FUND_A,600016,2100,11.21,23541.0,非银金融
2025-02-18,FUND_A,600017,2200,127.22,279884.0,计算机
2025-02-18,FUND_A,600018,2600,32.01,83226.0,食品饮料
2025-02-18,FUND_A,600019,6900,11.72,80868.0,非银金融
2025-02-19,FUND_A,600000,4400,34.41,151403.99999999997,非银金融
2025-02-19,FUND_A,600001,9200,154.6,1422320.0,计算机
2025-02-19,FUND_A,600002,8300,92.13,764679.0,电子
2025-02-19,FUND_A,600003,7200,84.51,608472.0,计算机
2025-02-19,FUND_A,600004,8800,187.09,1646392.0,计算机
2025-02-19,FUND_A,600005,3100,188.07,583017.0,医药生物
2025-02-19,FUND_A,600006,7700,67.18,517286.00000000006,电子
2025-02-19,FUND_A,600007,2600,156.49,406874.0,电子
2025-02-19,FUND_A,600008,2600,120.61,313586.0,电子
2025-02-19,FUND_A,600009,7400,21.0,155400.0,计算机
2025-02-19,FUND_A,600010,9100,175.59,1597869.0,非银金融
2025-02-19,FUND_A,600011,7300,138.45,1010684.9999999999,电子
2025-02-19,FUND_A,600012,8500,152.43,1295655.0,计算机
2025-02-19,FUND_A,600013,6100,154.07,939827.0,医药生物
2025-02-19,FUND_A,600014,1600,22.47,35952.0,非银金融
2025-02-19,FUND_A,600015,4200,71.49,300258.0,医药生物
2025-02-19,FUND_A,600016,8800,165.57,1457016.0,非银金融
2025-02-19,FUND_A,600017,8400,139.83,1174572.0,计算机
2025-02-19,FUND_A,600018,3500,40.2,140700.0,食品饮料
2025-02-19,FUND_A,600019,3800,189.42,719796.0,非银金融
2025-02-20,FUND_A,600000,2200,172.3,379060.0,非银金融
2025-02-20,FUND_A,600001,2400,161.01,386424.0,计算机
2025-02-20,FUND_A,600002,3800,66.69,253422.0,电子
2025-02-20,FUND_A,600003,4100,25.65,105165.0,计算机
2025-02-20,FUND_A,600004,8700,53.71,467277.0,计算机
2025-02-20,FUND_A,600005,8400,61.92,520128.0,医药生物
2025-02-20,FUND_A,600006,9000,193.01,1737090.0,电子
2025-02-20,FUND_A,600007,6500,92.14,598910.0,电子
2025-02-20,FUND_A,600008,3000,182.81,548430.0,电子
2025-02-20,FUND_A,600009,6800,193.26,1314168.0,计算机
2025-02-20,FUND_A,600010,2800,62.1,173880.0,非银金融
2025-02-20,FUND_A,600011,1200,69.27,83124.0,电子
2025-02-20,FUND_A,600012,6700,179.88,1205196.0,计算机
2025-02-20,FUND_A,600013,2400,151.71,364104.0,医药生物
2025-02-20,FUND_A,600014,4400,15.92,70048.0,非银金融
2025-02-20,FUND_A,600015,3400,145.84,495856.0,医药生物
2025-02-20,FUND_A,600016,2700,174.23,470421.0,非银金融
2025-02-20,FUND_A,600017,8900,113.21,1007569.0,计算机
2025-02-20,FUND_A,600018,6900,45.25,312225.0,食品饮料
2025-02-20,FUND_A,600019,2600,27.32,71032.0,非银金融
2025-02-21,FUND_A,600000,1700,156.48,266016.0,非银金融
2025-02-21,FUND_A,600001,5500,110.77,609235.0,计算机
2025-02-21,FUND_A,600002,8000,128.98,1031839.9999999999,电子
2025-02-21,FUND_A,600003,7300,65.89,480997.0,计算机
2025-02-21,FUND_A,600004,3300,184.96,610368.0,计算机
2025-02-21,FUND_A,600005,1200,45.24,54288.0,医药生物
2025-02-21,FUND_A,600006,2400,101.49,243576.0,电子
2025-02-21,FUND_A,600007,8700,123.68,1076016.0,电子
2025-02-21,FUND_A,600008,9300,91.76,853368.0,电子
2025-02-21,FUND_A,600009,4700,52.85,248395.0,计算机
2025-02-21,FUND_A,600010,6900,22.2,153180.0,非银金融
2025-02-21,FUND_A,600011,1100,161.54,177694.0,电子
2025-02-21,FUND_A,600012,2000,197.03,394060.0,计算机
2025-02-21,FUND_A,600013,9000,12.21,109890.00000000001,医药生物
2025-02-21,FUND_A,600014,2700,139.29,376083.0,非银金融
2025-02-21,FUND_A,600015,9100,101.19,920829.0,医药生物
2025-02-21,FUND_A,600016,4700,65.42,307474.0,非银金融
2025-02-21,FUND_A,600017,5400,153.84,830736.0,计算机
2025-02-21,FUND_A,600018,5000,17.53,87650.0,食品饮料
2025-02-21,FUND_A,600019,9500,152.34,1447230.0,非银金融
2025-02-24,FUND_A,600000,5000,55.99,279950.0,非银金融
2025-02-24,FUND_A,600001,5500,37.07,203885.0,计算机
2025-02-24,FUND_A,600002,8900,101.65,904685.0,电子
2025-02-24,FUND_A,600003,2900,75.74,219645.99999999997,计算机
2025-02-24,FUND_A,600004,4900,11.86,58114.0,计算机
2025-02-24,FUND_A,600005,1100,111.51,122661.0,医药生物
2025-02-24,FUND_A,600006,8600,25.68,220848.0,电子
2025-02-24,FUND_A,600007,8600,24.93,214398.0,电子
2025-02-24,FUND_A,600008,3100,71.2,220720.0,电子
2025-02-24,FUND_A,600009,4700,117.83,553801.0,计算机
2025-02-24,FUND_A,600010,5500,141.71,779405.0,非银金融
2025-02-24,FUND_A,600011,2400,48.03,115272.0,电子
2025-02-24,FUND_A,600012,5300,29.87,158311.0,计算机
2025-02-24,FUND_A,600013,8400,33.6,282240.0,医药生物
2025-02-24,FUND_A,600014,1500,123.01,184515.0,非银金融
2025-02-24,FUND_A,600015,8200,19.87,162934.0,医药生物
2025-02-24,FUND_A,600016,4100,66.78,273798.0,非银金融
2025-02-24,FUND_A,600017,8500,175.48,1491580.0,计算机
2025-02-24,FUND_A,600018,5900,128.81,759979.0,食品饮料
2025-02-24,FUND_A,600019,9300,74.5,692850.0,非银金融
2025-02-25,FUND_A,600000,1600,135.56,216896.0,非银金融
2025-02-25,FUND_A,600001,8900,114.04,1014956.0,计算机
2025-02-25,FUND_A,600002,6700,158.93,1064831.0,电子
2025-02-25,FUND_A,600003,1200,17.74,21287.999999999996,计算机
2025-02-25,FUND_A,600004,6900,149.0,1028100.0,计算机
2025-02-25,FUND_A,600005,8400,147.72,1240848.0,医药生物
2025-02-25,FUND_A,600006,2100,56.95,119595.0,电子
2025-02-25,FUND_A,600007,2200,101.06,222332.0,电子
2025-02-25,FUND_A,600008,2800,195.41,547148.0,电子
2025-02-25,FUND_A,600009,5400,44.6,240840.0,计算机
2025-02-25,FUND_A,600010,6200,135.15,837930.0,非银金融
2025-02-25,FUND_A,600011,6000,40.72,244320.0,电子
2025-02-25,FUND_A,600012,7900,146.65,1158535.0,计算机
2025-02-25,FUND_A,600013,3100,73.14,226734.0,医药生物
2025-02-25,FUND_A,600014,6500,195.21,1268865.0,非银金融
2025-02-25,FUND_A,600015,1200,25.49,30587.999999999996,医药生物
2025-02-25,FUND_A,600016,4400,51.91,228403.99999999997,非银金融
2025-02-25,FUND_A,600017,6300,15.82,99666.0,计算机
2025-02-25,FUND_A,600018,1600,97.9,156640.0,食品饮料
2025-02-25,FUND_A,600019,9400,148.16,1392704.0,非银金融
2025-02-26,FUND_A,600000,7000,170.79,1195530.0,非银金融
2025-02-26,FUND_A,600001,4600,75.73,348358.0,计算机
2025-02-26,FUND_A,600002,2900,105.92,307168.0,电子
2025-02-26,FUND_A,600003,5900,174.74,1030966.0,计算机
2025-02-26,FUND_A,600004,4500,15.58,70110.0,计算机
2025-02-26,FUND_A,600005,7500,123.57,926775.0,医药生物
2025-02-26,FUND_A,600006,4500,90.13,405585.0,电子
2025-02-26,FUND_A,600007,5100,198.51,1012401.0,电子
2025-02-26,FUND_A,600008,6700,183.35,1228445.0,电子
2025-02-26,FUND_A,600009,2100,82.93,174153.0,计算机
2025-02-26,FUND_A,600010,2700,130.0,351000.0,非银金融
2025-02-26,FUND_A,600011,2400,54.8,131520.0,电子
2025-02-26,FUND_A,600012,3500,146.01,511034.99999999994,计算机
2025-02-26,FUND_A,600013,9600,130.18,1249728.0,医药生物
2025-02-26,FUND_A,600014,2300,194.57,447511.0,非银金融
2025-02-26,FUND_A,600015,4600,172.33,792718.0,医药生物
2025-02-26,FUND_A,600016,5000,56.97,284850.0,非银金融
2025-02-26,FUND_A,600017,6900,86.95,599955.0,计算机
2025-02-26,FUND_A,600018,2300,107.82,247985.99999999997,食品饮料
2025-02-26,FUND_A,600019,9800,135.9,1331820.0,非银金融
2025-02-27,FUND_A,600000,7900,133.9,1057810.0,非银金融
2025-02-27,FUND_A,600001,9800,194.19,1903062.0,计算机
2025-02-27,FUND_A,600002,7500,173.02,1297650.0,电子
2025-02-27,FUND_A,600003,1400,71.79,100506.00000000001,计算机
2025-02-27,FUND_A,600004,4900,123.76,606424.0,计算机
2025-02-27,FUND_A,600005,4500,194.27,874215.0,医药生物
2025-02-27,FUND_A,600006,5600,54.59,305704.0,电子
2025-02-27,FUND_A,600007,1900,23.96,45524.0,电子
2025-02-27,FUND_A,600008,2300,72.87,167601.0,电子
2025-02-27,FUND_A,600009,1900,137.18,260642.0,计算机
2025-02-27,FUND_A,600010,1000,95.39,95390.0,非银金融
2025-02-27,FUND_A,600011,1700,127.26,216342.0,电子
2025-02-27,FUND_A,600012,1000,57.98,57980.0,计算机
2025-02-27,FUND_A,600013,9300,82.08,763344.0,医药生物
2025-02-27,FUND_A,600014,4600,77.78,357788.0,非银金融
2025-02-27,FUND_A,600015,8500,100.18,851530.0,医药生物
2025-02-27,FUND_A,600016,5300,94.81,502493.0,非银金融
2025-02-27,FUND_A,600017,8800,116.05,1021240.0,计算机
2025-02-27,FUND_A,600018,7000,16.5,115500.0,食品饮料
2025-02-27,FUND_A,600019,8700,20.85,181395.0,非银金融
2025-02-28,FUND_A,600000,4600,187.96,864616.0,非银金融
2025-02-28,FUND_A,600001,3800,131.6,500080.0,计算机
2025-02-28,FUND_A,600002,4400,95.92,422048.0,电子
2025-02-28,FUND_A,600003,6800,70.07,476475.99999999994,计算机
2025-02-28,FUND_A,600004,6000,17.9,107399.99999999999,计算机
2025-02-28,FUND_A,600005,2900,197.46,572634.0,医药生物
2025-02-28,FUND_A,600006,9700,140.33,1361201.0000000002,电子
2025-02-28,FUND_A,600007,9800,131.43,1288014.0,电子
2025-02-28,FUND_A,600008,6600,120.22,793452.0,电子
2025-02-28,FUND_A,600009,6500,107.96,701740.0,计算机
2025-02-28,FUND_A,600010,5900,75.1,443089.99999999994,非银金融
2025-02-28,FUND_A,600011,4700,36.53,171691.0,电子
2025-02-28,FUND_A,600012,5400,37.27,201258.00000000003,计算机
2025-02-28,FUND_A,600013,5900,48.35,285265.0,医药生物
2025-02-28,FUND_A,600014,1700,194.28,330276.0,非银金融
2025-02-28,FUND_A,600015,1000,148.86,148860.0,医药生物
2025-02-28,FUND_A,600016,3800,94.31,358378.0,非银金融
2025-02-28,FUND_A,600017,1400,193.04,270256.0,计算机
2025-02-28,FUND_A,600018,5600,141.6,792960.0,食品饮料
2025-02-28,FUND_A,600019,6400,195.94,1254016.0,非银金融
2025-03-03,FUND_A,600000,5200,139.82,727064.0,非银金融
2025-03-03,FUND_A,600001,9100,127.39,1159249.0,计算机
2025-03-03,FUND_A,600002,1700,174.28,296276.0,电子
2025-03-03,FUND_A,600003,8500,31.49,267665.0,计算机
2025-03-03,FUND_A,600004,9800,141.01,1381898.0,计算机
2025-03-03,FUND_A,600005,4200,124.12,521304.0,医药生物
2025-03-03,FUND_A,600006,4000,135.19,540760.0,电子
2025-03-03,FUND_A,600007,6200,136.72,847664.0,电子
2025-03-03,FUND_A,600008,9900,76.23,754677.0,电子
2025-03-03,FUND_A,600009,7500,199.89,1499175.0,计算机
2025-03-03,FUND_A,600010,7900,70.44,556476.0,非银金融
2025-03-03,FUND_A,600011,4200,87.31,366702.0,电子
2025-03-03,FUND_A,600012,5700,152.96,871872.0,计算机
2025-03-03,FUND_A,600013,8600,64.85,557710.0,医药生物
2025-03-03,FUND_A,600014,8400,176.92,1486128.0,非银金融
2025-03-03,FUND_A,600015,1300,136.84,177892.0,医药生物
2025-03-03,FUND_A,600016,7900,181.26,1431954.0,非银金融
2025-03-03,FUND_A,600017,2200,161.58,355476.0,计算机
2025-03-03,FUND_A,600018,9200,175.09,1610828.0,食品饮料
2025-03-03,FUND_A,600019,1000,32.84,32840.0,非银金融
2025-03-04,FUND_A,600000,6300,133.32,839916.0,非银金融
2025-03-04,FUND_A,600001,9400,71.67,673698.0,计算机
2025-03-04,FUND_A,600002,8500,125.87,1069895.0,电子
2025-03-04,FUND_A,600003,2400,142.14,341135.99999999994,计算机
2025-03-04,FUND_A,600004,6900,114.21,788049.0,计算机
2025-03-04,FUND_A,600005,4200,55.13,231546.0,医药生物
2025-03-04,FUND_A,600006,4400,53.18,233992.0,电子
2025-03-04,FUND_A,600007,9900,121.54,1203246.0,电子
2025-03-04,FUND_A,600008,8100,136.96,1109376.0,电子
2025-03-04,FUND_A,600009,8300,154.28,1280524.0,计算机
2025-03-04,FUND_A,600010,1800,82.16,147888.0,非银金融
2025-03-04,FUND_A,600011,3500,190.78,667730.0,电子
2025-03-04,FUND_A,600012,7500,101.04,757800.0,计算机
2025-03-04,FUND_A,600013,3500,30.69,107415.0,医药生物
2025-03-04,FUND_A,600014,1400,85.78,120092.0,非银金融
2025-03-04,FUND_A,600015,4600,56.75,261050.0,医药生物
2025-03-04,FUND_A,600016,2400,84.93,203832.00000000003,非银金融
2025-03-04,FUND_A,600017,9600,164.47,1578912.0,计算机
2025-03-04,FUND_A,600018,5200,13.46,69992.0,食品饮料
2025-03-04,FUND_A,600019,3200,91.86,293952.0,非银金融
2025-03-05,FUND_A,600000,8900,133.02,1183878.0,非银金融
2025-03-05,FUND_A,600001,2400,56.26,135024.0,计算机
2025-03-05,FUND_A,600002,8400,82.21,690564.0,电子
2025-03-05,FUND_A,600003,7700,187.54,1444058.0,计算机
2025-03-05,FUND_A,600004,9500,46.97,446215.0,计算机
2025-03-05,FUND_A,600005,8700,102.32,890183.9999999999,医药生物
2025-03-05,FUND_A,600006,6100,137.32,837652.0,电子
2025-03-05,FUND_A,600007,3800,162.57,617766.0,电子
2025-03-05,FUND_A,600008,4400,120.38,529672.0,电子
2025-03-05,FUND_A,600009,4500,146.35,658575.0,计算机
2025-03-05,FUND_A,600010,1100,61.8,67980.0,非银金融
2025-03-05,FUND_A,600011,1300,166.4,216320.0,电子
2025-03-05,FUND_A,600012,8400,33.41,280644.0,计算机
2025-03-05,FUND_A,600013,8300,161.96,1344268.0,医药生物
2025-03-05,FUND_A,600014,4000,144.72,578880.0,非银金融
2025-03-05,FUND_A,600015,6500,160.75,1044875.0,医药生物
2025-03-05,FUND_A,600016,7000,58.75,411250.0,非银金融
2025-03-05,FUND_A,600017,4500,90.66,407970.0,计算机
2025-03-05,FUND_A,600018,1600,164.99,263984.0,食品饮料
2025-03-05,FUND_A,600019,5300,18.25,96725.0,非银金融
2025-03-06,FUND_A,600000,5600,190.77,1068312.0,非银金融
2025-03-06,FUND_A,600001,3100,165.65,513515.0,计算机
2025-03-06,FUND_A,600002,9500,122.77,1166315.0,电子
2025-03-06,FUND_A,600003,3500,50.29,176015.0,计算机
2025-03-06,FUND_A,600004,1900,43.21,82099.0,计算机
2025-03-06,FUND_A,600005,5100,181.0,923100.0,医药生物
2025-03-06,FUND_A,600006,8900,115.76,1030264.0,电子
2025-03-06,FUND_A,600007,10000,158.3,1583000.0,电子
2025-03-06,FUND_A,600008,5900,149.07,879513.0,电子
2025-03-06,FUND_A,600009,6900,137.57,949233.0,计算机
2025-03-06,FUND_A,600010,9800,28.15,275870.0,非银金融
2025-03-06,FUND_A,600011,4500,38.44,172980.0,电子
2025-03-06,FUND_A,600012,6400,121.46,777344.0,计算机
2025-03-06,FUND_A,600013,5600,54.69,306264.0,医药生物
2025-03-06,FUND_A,600014,4200,51.18,214956.0,非银金融
2025-03-06,FUND_A,600015,9000,43.9,395100.0,医药生物
2025-03-06,FUND_A,600016,4600,131.97,607062.0,非银金融
2025-03-06,FUND_A,600017,8000,113.87,910960.0,计算机
2025-03-06,FUND_A,600018,1900,58.81,111739.0,食品饮料
2025-03-06,FUND_A,600019,8600,122.95,1057370.0,非银金融
2025-03-07,FUND_A,600000,3400,197.68,672112.0,非银金融
2025-03-07,FUND_A,600001,4400,123.44,543136.0,计算机
2025-03-07,FUND_A,600002,2700,86.82,234413.99999999997,电子
2025-03-07,FUND_A,600003,4800,147.66,708768.0,计算机
2025-03-07,FUND_A,600004,8400,198.34,1666056.0,计算机
2025-03-07,FUND_A,600005,6900,165.55,1142295.0,医药生物
2025-03-07,FUND_A,600006,7700,147.62,1136674.0,电子
2025-03-07,FUND_A,600007,5100,182.05,928455.0,电子
2025-03-07,FUND_A,600008,4500,26.28,118260.0,电子
2025-03-07,FUND_A,600009,4500,46.45,209025.0,计算机
2025-03-07,FUND_A,600010,1700,79.72,135524.0,非银金融
2025-03-07,FUND_A,600011,7900,77.45,611855.0,电子
2025-03-07,FUND_A,600012,7700,94.06,724262.0,计算机
2025-03-07,FUND_A,600013,6900,22.85,157665.0,医药生物
2025-03-07,FUND_A,600014,1400,23.29,32606.0,非银金融
2025-03-07,FUND_A,600015,4100,112.6,461660.0,医药生物
2025-03-07,FUND_A,600016,8100,133.67,1082727.0,非银金融
2025-03-07,FUND_A,600017,5300,71.62,379586.0,计算机
2025-03-07,FUND_A,600018,1200,46.16,55391.99999999999,食品饮料
2025-03-07,FUND_A,600019,1100,198.89,218778.99999999997,非银金融
2025-03-10,FUND_A,600000,1100,78.96,86856.0,非银金融
2025-03-10,FUND_A,600001,4400,148.82,654808.0,计算机
2025-03-10,FUND_A,600002,3900,73.38,286182.0,电子
2025-03-10,FUND_A,600003,3100,116.84,362204.0,计算机
2025-03-10,FUND_A,600004,4500,192.72,867240.0,计算机
2025-03-10,FUND_A,600005,4000,153.42,613680.0,医药生物
2025-03-10,FUND_A,600006,6400,111.81,715584.0,电子
2025-03-10,FUND_A,600007,7100,90.31,641201.0,电子
2025-03-10,FUND_A,600008,6400,153.67,983487.9999999999,电子
2025-03-10,FUND_A,600009,2600,67.16,174616.0,计算机
2025-03-10,FUND_A,600010,1700,161.14,273938.0,非银金融
2025-03-10,FUND_A,600011,2500,82.68,206700.00000000003,电子
2025-03-10,FUND_A,600012,3200,85.87,274784.0,计算机
2025-03-10,FUND_A,600013,1400,150.06,210084.0,医药生物
2025-03-10,FUND_A,600014,7400,169.99,1257926.0,非银金融
2025-03-10,FUND_A,600015,3000,27.66,82980.0,医药生物
2025-03-10,FUND_A,600016,3100,26.93,83483.0,非银金融
2025-03-10,FUND_A,600017,4100,34.27,140507.0,计算机
2025-03-10,FUND_A,600018,2500,106.3,265750.0,食品饮料
2025-03-10,FUND_A,600019,2300,32.35,74405.0,非银金融
2025-03-11,FUND_A,600000,3200,59.99,191968.0,非银金融
2025-03-11,FUND_A,600001,7500,82.37,617775.0,计算机
2025-03-11,FUND_A,600002,1100,188.02,206822.0,电子
2025-03-11,FUND_A,600003,8200,106.85,876170.0,计算机
2025-03-11,FUND_A,600004,7600,85.43,649268.0,计算机
2025-03-11,FUND_A,600005,3200,189.05,604960.0,医药生物
2025-03-11,FUND_A,600006,9100,107.98,982618.0,电子
2025-03-11,FUND_A,600007,4400,159.39,701315.9999999999,电子
2025-03-11,FUND_A,600008,2400,198.51,476424.0,电子
2025-03-11,FUND_A,600009,2100,186.81,392301.0,计算机
2025-03-11,FUND_A,600010,5100,112.55,574005.0,非银金融
2025-03-11,FUND_A,600011,5400,82.32,444527.99999999994,电子
2025-03-11,FUND_A,600012,9700,111.17,1078349.0,计算机
2025-03-11,FUND_A,600013,8700,163.13,1419231.0,医药生物
2025-03-11,FUND_A,600014,8900,50.28,447492.0,非银金融
2025-03-11,FUND_A,600015,2300,25.37,58351.0,医药生物
2025-03-11,FUND_A,600016,3000,14.35,43050.0,非银金融
2025-03-11,FUND_A,600017,10000,142.04,1420400.0,计算机
2025-03-11,FUND_A,600018,9100,191.89,1746198.9999999998,食品饮料
2025-03-11,FUND_A,600019,9100,131.78,1199198.0,非银金融
2025-03-12,FUND_A,600000,3400,119.28,405552.0,非银金融
2025-03-12,FUND_A,600001,6300,69.61,438543.0,计算机
2025-03-12,FUND_A,600002,2300,36.45,83835.0,电子
2025-03-12,FUND_A,600003,8900,155.31,1382259.0,计算机
2025-03-12,FUND_A,600004,6100,105.49,643489.0,计算机
2025-03-12,FUND_A,600005,5000,166.79,833950.0,医药生物
2025-03-12,FUND_A,600006,2200,79.83,175626.0,电子
2025-03-12,FUND_A,600007,1700,100.86,171462.0,电子
2025-03-12,FUND_A,600008,7700,35.68,274736.0,电子
2025-03-12,FUND_A,600009,7700,25.19,193963.0,计算机
2025-03-12,FUND_A,600010,2100,193.51,406371.0,非银金融
2025-03-12,FUND_A,600011,2200,187.93,413446.0,电子
2025-03-12,FUND_A,600012,2900,93.51,271179.0,计算机
2025-03-12,FUND_A,600013,6900,171.78,1185282.0,医药生物
2025-03-12,FUND_A,600014,4100,51.05,209305.0,非银金融
2025-03-12,FUND_A,600015,1100,133.54,146894.0,医药生物
2025-03-12,FUND_A,600016,9200,83.43,767556.0000000001,非银金融
2025-03-12,FUND_A,600017,1400,158.34,221676.0,计算机
2025-03-12,FUND_A,600018,1900,50.23,95437.0,食品饮料
2025-03-12,FUND_A,600019,2000,153.31,306620.0,非银金融
2025-03-13,FUND_A,600000,4000,142.06,568240.0,非银金融
2025-03-13,FUND_A,600001,8200,91.76,752432.0,计算机
2025-03-13,FUND_A,600002,1800,37.03,66654.0,电子
2025-03-13,FUND_A,600003,8200,158.71,1301422.0,计算机
2025-03-13,FUND_A,600004,1600,141.51,226416.0,计算机
2025-03-13,FUND_A,600005,1300,130.31,169403.0,医药生物
2025-03-13,FUND_A,600006,4900,164.65,806785.0,电子
2025-03-13,FUND_A,600007,6100,43.01,262361.0,电子
2025-03-13,FUND_A,600008,4500,110.14,495630.0,电子
2025-03-13,FUND_A,600009,5900,34.83,205497.0,计算机
2025-03-13,FUND_A,600010,7200,95.46,687312.0,非银金融
2025-03-13,FUND_A,600011,1600,109.85,175760.0,电子
2025-03-13,FUND_A,600012,9500,167.23,1588685.0,计算机
2025-03-13,FUND_A,600013,9500,193.13,1834735.0,医药生物
2025-03-13,FUND_A,600014,6400,89.07,570048.0,非银金融
2025-03-13,FUND_A,600015,10000,89.53,895300.0,医药生物
2025-03-13,FUND_A,600016,8800,120.61,1061368.0,非银金融
2025-03-13,FUND_A,600017,9600,36.05,346080.0,计算机
2025-03-13,FUND_A,600018,4800,127.6,612480.0,食品饮料
2025-03-13,FUND_A,600019,2200,12.3,27060.0,非银金融
2025-03-14,FUND_A,600000,9400,47.78,449132.0,非银金融
2025-03-14,FUND_A,600001,5400,18.1,97740.00000000001,计算机
2025-03-14,FUND_A,600002,9000,30.85,277650.0,电子
2025-03-14,FUND_A,600003,6900,132.76,916043.9999999999,计算机
2025-03-14,FUND_A,600004,3000,170.43,511290.0,计算机
2025-03-14,FUND_A,600005,6400,38.36,245504.0,医药生物
2025-03-14,FUND_A,600006,7700,174.29,1342033.0,电子
2025-03-14,FUND_A,600007,9100,100.44,914004.0,电子
2025-03-14,FUND_A,600008,6100,173.32,1057252.0,电子
2025-03-14,FUND_A,600009,5100,159.15,811665.0,计算机
2025-03-14,FUND_A,600010,2200,35.3,77660.0,非银金融
2025-03-14,FUND_A,600011,7300,159.51,1164423.0,电子
2025-03-14,FUND_A,600012,1800,189.14,340452.0,计算机
2025-03-14,FUND_A,600013,1100,93.14,102454.0,医药生物
2025-03-14,FUND_A,600014,3800,63.08,239704.0,非银金融
2025-03-14,FUND_A,600015,6700,58.08,389136.0,医药生物
2025-03-14,FUND_A,600016,3000,166.78,500340.0,非银金融
2025-03-14,FUND_A,600017,4300,83.41,358663.0,计算机
2025-03-14,FUND_A,600018,9500,130.97,1244215.0,食品饮料
2025-03-14,FUND_A,600019,8800,178.98,1575024.0,非银金融
2025-03-17,FUND_A,600000,9600,108.5,1041600.0,非银金融
2025-03-17,FUND_A,600001,9200,30.08,276736.0,计算机
2025-03-17,FUND_A,600002,5300,107.32,568796.0,电子
2025-03-17,FUND_A,600003,1700,17.92,30464.000000000004,计算机
2025-03-17,FUND_A,600004,9600,146.1,1402560.0,计算机
2025-03-17,FUND_A,600005,6000,23.54,141240.0,医药生物
2025-03-17,FUND_A,600006,3300,16.76,55308.00000000001,电子
2025-03-17,FUND_A,600007,2900,150.13,435377.0,电子
2025-03-17,FUND_A,600008,6700,97.77,655059.0,电子
2025-03-17,FUND_A,600009,2000,194.44,388880.0,计算机
2025-03-17,FUND_A,600010,9200,135.66,1248072.0,非银金融
2025-03-17,FUND_A,600011,3700,77.42,286454.0,电子
2025-03-17,FUND_A,600012,6700,28.7,192290.0,计算机
2025-03-17,FUND_A,600013,1700,60.36,102612.0,医药生物
2025-03-17,FUND_A,600014,4700,25.7,120790.0,非银金融
2025-03-17,FUND_A,600015,9000,66.13,595170.0,医药生物
2025-03-17,FUND_A,600016,3400,195.44,664496.0,非银金融
2025-03-17,FUND_A,600017,8800,49.08,431904.0,计算机
2025-03-17,FUND_A,600018,5800,58.53,339474.0,食品饮料
2025-03-17,FUND_A,600019,7700,157.18,1210286.0,非银金融
2025-03-18,FUND_A,600000,5000,192.37,961850.0,非银金融
2025-03-18,FUND_A,600001,7100,180.2,1279420.0,计算机
2025-03-18,FUND_A,600002,1900,161.76,307344.0,电子
2025-03-18,FUND_A,600003,2100,100.12,210252.0,计算机
2025-03-18,FUND_A,600004,1100,124.36,136796.0,计算机
2025-03-18,FUND_A,600005,6200,184.86,1146132.0,医药生物
2025-03-18,FUND_A,600006,2500,164.24,410600.0,电子
2025-03-18,FUND_A,600007,2000,18.31,36620.0,电子
2025-03-18,FUND_A,600008,2600,186.34,484484.0,电子
2025-03-18,FUND_A,600009,6400,28.05,179520.0,计算机
2025-03-18,FUND_A,600010,6800,114.52,778736.0,非银金融
2025-03-18,FUND_A,600011,9800,41.1,402780.0,电子
2025-03-18,FUND_A,600012,3900,186.38,726882.0,计算机
2025-03-18,FUND_A,600013,5300,47.52,251856.00000000003,医药生物
2025-03-18,FUND_A,600014,5500,12.42,68310.0,非银金融
2025-03-18,FUND_A,600015,3000,64.32,192959.99999999997,医药生物
2025-03-18,FUND_A,600016,4100,70.22,287902.0,非银金融
2025-03-18,FUND_A,600017,4800,170.84,820032.0,计算机
2025-03-18,FUND_A,600018,5600,57.93,324408.0,食品饮料
2025-03-18,FUND_A,600019,2200,52.0,114400.0,非银金融
2025-03-19,FUND_A,600000,1700,152.16,258672.0,非银金融
2025-03-19,FUND_A,600001,1600,44.31,70896.0,计算机
2025-03-19,FUND_A,600002,8400,70.81,594804.0,电子
2025-03-19,FUND_A,600003,3100,197.09,610979.0,计算机
2025-03-19,FUND_A,600004,3100,112.52,348812.0,计算机
2025-03-19,FUND_A,600005,2200,41.31,90882.0,医药生物
2025-03-19,FUND_A,600006,3800,140.21,532798.0,电子
2025-03-19,FUND_A,600007,6100,165.38,1008818.0,电子
2025-03-19,FUND_A,600008,8800,106.11,933768.0,电子
2025-03-19,FUND_A,600009,9700,75.05,727985.0,计算机
2025-03-19,FUND_A,600010,3100,113.03,350393.0,非银金融
2025-03-19,FUND_A,600011,7000,151.25,1058750.0,电子
2025-03-19,FUND_A,600012,1200,66.53,79836.0,计算机
2025-03-19,FUND_A,600013,2800,38.8,108639.99999999999,医药生物
2025-03-19,FUND_A,600014,3900,175.93,686127.0,非银金融
2025-03-19,FUND_A,600015,3400,154.61,525674.0,医药生物
2025-03-19,FUND_A,600016,1700,97.7,166090.0,非银金融
2025-03-19,FUND_A,600017,2500,164.23,410575.0,计算机
2025-03-19,FUND_A,600018,1400,177.48,248472.0,食品饮料
2025-03-19,FUND_A,600019,1300,28.84,37492.0,非银金融
2025-03-20,FUND_A,600000,7300,162.01,1182673.0,非银金融
2025-03-20,FUND_A,600001,9800,115.47,1131606.0,计算机
2025-03-20,FUND_A,600002,5500,127.04,698720.0,电子
2025-03-20,FUND_A,600003,3600,140.7,506519.99999999994,计算机
2025-03-20,FUND_A,600004,2200,112.35,247170.0,计算机
2025-03-20,FUND_A,600005,4500,10.99,49455.0,医药生物
2025-03-20,FUND_A,600006,9900,169.59,1678941.0,电子
2025-03-20,FUND_A,600007,2100,151.69,318549.0,电子
2025-03-20,FUND_A,600008,2300,152.41,350543.0,电子
2025-03-20,FUND_A,600009,6200,79.91,495442.0,计算机
2025-03-20,FUND_A,600010,8400,153.69,1290996.0,非银金融
2025-03-20,FUND_A,600011,7900,176.56,1394824.0,电子
2025-03-20,FUND_A,600012,6700,79.98,535866.0,计算机
2025-03-20,FUND_A,600013,1300,147.19,191347.0,医药生物
2025-03-20,FUND_A,600014,3300,51.27,169191.0,非银金融
2025-03-20,FUND_A,600015,3500,84.39,295365.0,医药生物
2025-03-20,FUND_A,600016,9400,10.36,97384.0,非银金融
2025-03-20,FUND_A,600017,3000,15.52,46560.0,计算机
2025-03-20,FUND_A,600018,5500,77.54,426470.00000000006,食品饮料
2025-03-20,FUND_A,600019,6600,83.66,552156.0,非银金融
2025-03-21,FUND_A,600000,2600,121.76,316576.0,非银金融
2025-03-21,FUND_A,600001,1300,106.92,138996.0,计算机
2025-03-21,FUND_A,600002,1200,22.32,26784.0,电子
2025-03-21,FUND_A,600003,8900,52.83,470187.0,计算机
2025-03-21,FUND_A,600004,1300,20.03,26039.0,计算机
2025-03-21,FUND_A,600005,3300,138.53,457149.0,医药生物
2025-03-21,FUND_A,600006,9100,124.41,1132131.0,电子
2025-03-21,FUND_A,600007,6900,166.76,1150644.0,电子
2025-03-21,FUND_A,600008,5800,130.93,759394.0,电子
2025-03-21,FUND_A,600009,9200,21.12,194304.0,计算机
2025-03-21,FUND_A,600010,8500,159.13,1352605.0,非银金融
2025-03-21,FUND_A,600011,4000,166.77,667080.0,电子
2025-03-21,FUND_A,600012,2800,93.64,262192.0,计算机
2025-03-21,FUND_A,600013,6400,149.75,958400.0,医药生物
2025-03-21,FUND_A,600014,2700,80.57,217538.99999999997,非银金融
2025-03-21,FUND_A,600015,5600,199.69,1118264.0,医药生物
2025-03-21,FUND_A,600016,5400,42.96,231984.0,非银金融
2025-03-21,FUND_A,600017,7900,130.87,1033873.0,计算机
2025-03-21,FUND_A,600018,5600,32.48,181887.99999999997,食品饮料
2025-03-21,FUND_A,600019,7900,198.31,1566649.0,非银金融
2025-03-24,FUND_A,600000,8400,150.6,1265040.0,非银金融
2025-03-24,FUND_A,600001,9900,121.68,1204632.0,计算机
2025-03-24,FUND_A,600002,7000,196.13,1372910.0,电子
2025-03-24,FUND_A,600003,1200,14.98,17976.0,计算机
2025-03-24,FUND_A,600004,7900,108.43,856597.0,计算机
2025-03-24,FUND_A,600005,6000,188.73,1132380.0,医药生物
2025-03-24,FUND_A,600006,5100,172.02,877302.0,电子
2025-03-24,FUND_A,600007,3500,175.82,615370.0,电子
2025-03-24,FUND_A,600008,7300,45.36,331128.0,电子
2025-03-24,FUND_A,600009,5800,92.68,537544.0,计算机
2025-03-24,FUND_A,600010,7300,101.76,742848.0,非银金融
2025-03-24,FUND_A,600011,7900,129.92,1026367.9999999999,电子
2025-03-24,FUND_A,600012,4800,104.33,500784.0,计算机
2025-03-24,FUND_A,600013,1000,158.24,158240.0,医药生物
2025-03-24,FUND_A,600014,7900,20.88,164952.0,非银金融
2025-03-24,FUND_A,600015,5500,125.94,692670.0,医药生物
2025-03-24,FUND_A,600016,6900,85.78,591882.0,非银金融
2025-03-24,FUND_A,600017,9300,134.82,1253826.0,计算机
2025-03-24,FUND_A,600018,4500,12.55,56475.0,食品饮料
2025-03-24,FUND_A,600019,3300,20.84,68772.0,非银金融
2025-03-25,FUND_A,600000,3900,16.89,65871.0,非银金融
2025-03-25,FUND_A,600001,1600,56.93,91088.0,计算机
2025-03-25,FUND_A,600002,2300,57.41,132043.0,电子
2025-03-25,FUND_A,600003,8900,80.53,716717.0,计算机
2025-03-25,FUND_A,600004,9800,157.58,1544284.0000000002,计算机
2025-03-25,FUND_A,600005,5300,39.71,210463.0,医药生物
2025-03-25,FUND_A,600006,6500,18.84,122460.0,电子
2025-03-25,FUND_A,600007,9100,182.22,1658202.0,电子
2025-03-25,FUND_A,600008,6600,75.72,499752.0,电子
2025-03-25,FUND_A,600009,5900,88.11,519849.0,计算机
2025-03-25,FUND_A,600010,1600,26.42,42272.0,非银金融
2025-03-25,FUND_A,600011,2400,14.15,33960.0,电子
2025-03-25,FUND_A,600012,8400,193.04,1621536.0,计算机
2025-03-25,FUND_A,600013,2400,177.61,426264.00000000006,医药生物
2025-03-25,FUND_A,600014,3000,19.93,59790.0,非银金融
2025-03-25,FUND_A,600015,2300,148.86,342378.00000000006,医药生物
2025-03-25,FUND_A,600016,6700,196.11,1313937.0,非银金融
2025-03-25,FUND_A,600017,7800,134.29,1047461.9999999999,计算机
2025-03-25,FUND_A,600018,9900,46.33,458667.0,食品饮料
2025-03-25,FUND_A,600019,5800,98.15,569270.0,非银金融
2025-03-26,FUND_A,600000,9800,189.94,1861412.0,非银金融
2025-03-26,FUND_A,600001,2100,76.41,160461.0,计算机
2025-03-26,FUND_A,600002,5000,14.19,70950.0,电子
2025-03-26,FUND_A,600003,7700,89.42,688534.0,计算机
2025-03-26,FUND_A,600004,8000,139.91,1119280.0,计算机
2025-03-26,FUND_A,600005,4200,109.44,459648.0,医药生物
2025-03-26,FUND_A,600006,7000,53.21,372470.0,电子
2025-03-26,FUND_A,600007,3700,147.33,545121.0,电子
2025-03-26,FUND_A,600008,5000,160.42,802099.9999999999,电子
2025-03-26,FUND_A,600009,5800,113.27,656966.0,计算机
2025-03-26,FUND_A,600010,7900,52.97,418463.0,非银金融
2025-03-26,FUND_A,600011,7400,91.44,676656.0,电子
2025-03-26,FUND_A,600012,1400,189.68,265552.0,计算机
2025-03-26,FUND_A,600013,6600,137.11,904926.0000000001,医药生物
2025-03-26,FUND_A,600014,2500,88.24,220600.0,非银金融
2025-03-26,FUND_A,600015,4800,113.63,545424.0,医药生物
2025-03-26,FUND_A,600016,9700,159.52,1547344.0,非银金融
2025-03-26,FUND_A,600017,4700,163.22,767134.0,计算机
2025-03-26,FUND_A,600018,1900,195.83,372077.0,食品饮料
2025-03-26,FUND_A,600019,7200,104.48,752256.0,非银金融
